name,base_dice,dice_sides,save,damage_type,scaling_dice,base_level
Abhorrent Apparition,0,0,,,0,4th-level
Abrupt Hug,0,0,,,0,1st-level
Absolute Command,0,0,,,0,4th-level
Accelerando,0,0,,,0,4th-level
Accelerate,0,0,,,0,3rd-level
Acid Arrow,0,0,,,0,2nd-level
Acid Arrow,0,0,,,0,2nd-level
Acid Gate,0,0,,,0,7th-level
Acid Rain,0,0,,,0,5th-level
Acid Splash,0,0,,,0,Cantrip
Acid Splash,0,0,,,0,Cantrip
Adjust Position,0,0,,,0,1st-level
Afflict Line,0,0,,,0,9th-level
Agonizing Mark,0,0,,,0,1st-level
Aid,0,0,,,0,2nd-level
Aid,0,0,,,0,2nd-level
Air Wave,0,0,,,0,1st-level
Alarm,0,0,,,0,1st-level
Alarm,0,0,,,0,1st-level
Alchemical Form,0,0,,,0,6th-level
Ale-dritch Blast,0,0,,,0,Cantrip
Ally Aegis,0,0,,,0,6th-level
Alone,0,0,,,0,3rd-level
Alter Arrow’s Fortune,0,0,,,0,1st-level
Alter Self,0,0,,,0,2nd-level
Alter Self,0,0,,,0,2nd-level
Altered Strike,0,0,,,0,Cantrip
Althea’s Travel Tent,0,0,,,0,2nd-level
Ambush,0,0,,,0,1st-level
Ambush Chute,0,0,,,0,3rd-level
Amplify Gravity,0,0,,,0,7th-level
Amplify Ley Field,0,0,,,0,5th-level
Analyze Device,0,0,,,0,1st-level
Ancestor’s Strength,0,0,,,0,1st-level
Anchoring Rope,0,0,,,0,1st-level
Ancient Shade,0,0,,,0,5th-level
Angel Paradox,0,0,,,0,7th-level
Angelic Guardian,0,0,,,0,1st-level
Animal Friendship,0,0,,,0,1st-level
Animal Friendship,0,0,,,0,1st-level
Animal Messenger,0,0,,,0,2nd-level
Animal Messenger,0,0,,,0,2nd-level
Animal Shapes,0,0,,,0,8th-level
Animal Shapes,0,0,,,0,8th-level
Animate Construct,0,0,,,0,1st-level
Animate Dead,0,0,,,0,3rd-level
Animate Dead,0,0,,,0,3rd-level
Animate Ghoul,0,0,,,0,2nd-level
Animate Greater Undead,0,0,,,0,6th-level
Animate Objects,0,0,,,0,5th-level
Animate Objects,0,0,,,0,5th-level
Animated Scroll,0,0,,,0,Cantrip
Anomalous Object,0,0,,,0,7th-level
Anticipate Arcana,0,0,,,0,3rd-level
Anticipate Attack,0,0,,,0,2nd-level
Anticipate Weakness,0,0,,,0,1st-level
Antilife Shell,0,0,,,0,5th-level
Antilife Shell,0,0,,,0,5th-level
Antimagic Field,0,0,,,0,8th-level
Antimagic Field,0,0,,,0,8th-level
Antipathy/Sympathy,0,0,,,0,8th-level
Antipathy/Sympathy,0,0,,,0,8th-level
Arcane Eye,0,0,,,0,4th-level
Arcane Eye,0,0,,,0,4th-level
Arcane Hand,0,0,,,0,5th-level
Arcane Hand,0,0,,,0,5th-level
Arcane Lock,0,0,,,0,2nd-level
Arcane Lock,0,0,,,0,2nd-level
Arcane Muscles,0,0,,,0,Cantrip
Arcane Riposte,0,0,,,0,1st-level
Arcane Sight,0,0,,,0,8th-level
Arcane Sword,0,0,,,0,7th-level
Arcane Sword,0,0,,,0,7th-level
Arcanist's Magic Aura,0,0,,,0,2nd-level
Arcanist's Magic Aura,0,0,,,0,2nd-level
Armored Formation,0,0,,,0,3rd-level
Armored Heart,0,0,,,0,1st-level
Armored Shell,0,0,,,0,1st-level
As You Were,0,0,,,0,2nd-level
Ashen Memories,0,0,,,0,2nd-level
Aspect of the Dragon,0,0,,,0,7th-level
Aspect of the Moon,0,0,,,0,3rd-level
Aspect of the Serpent,0,0,,,0,3rd-level
Astral Projection,0,0,,,0,9th-level
Astral Projection,0,0,,,0,9th-level
Augury,0,0,,,0,2nd-level
Augury,0,0,,,0,2nd-level
Aura of Protection or Destruction,0,0,,,0,3rd-level
Auspicious Warning,0,0,,,0,1st-level
Avert Evil Eye,0,0,,,0,1st-level
Avoid Grievous Injury,0,0,,,0,1st-level
Avronin’s Astral Assembly,0,0,,,0,6th-level
Awaken,0,0,,,0,5th-level
Awaken,0,0,,,0,5th-level
Awaken Object,0,0,,,0,8th-level
Babble,0,0,,,0,5th-level
Bad Timing,0,0,,,0,2nd-level
Bane,0,0,,,0,1st-level
Bane,0,0,,,0,1st-level
Banishment,0,0,,,0,4th-level
Banishment,0,0,,,0,4th-level
Banshee Wail,0,0,,,0,6th-level
Bardo,0,0,,,0,3rd-level
Barkskin,0,0,,,0,2nd-level
Barkskin,0,0,,,0,2nd-level
Batsense,0,0,,,0,2nd-level
Battle Chant,0,0,,,0,2nd-level
Battle Mind,0,0,,,0,5th-level
Battlecry Ballad,0,0,,,0,3rd-level
Beacon of Hope,0,0,,,0,3rd-level
Beacon of Hope,0,0,,,0,3rd-level
Beast Within,0,0,,,0,4th-level
Become Nightwing,0,0,,,0,6th-level
Beguiling Bet,0,0,,,0,2nd-level
Beguiling Gift,0,0,,,0,1st-level
Benediction,0,0,,,0,Cantrip
Bestial Fury,0,0,,,0,2nd-level
Bestow Curse,0,0,,,0,3rd-level
Bestow Curse,0,0,,,0,3rd-level
Betraying Bauble,0,0,,,0,2nd-level
Binding Oath,0,0,,,0,4th-level
Biting Arrow,0,0,,,0,Cantrip
Bitter Chains,0,0,,,0,2nd-level
Black Goat’s Blessing,0,0,,,0,Cantrip
Black Hand,0,0,,,0,4th-level
Black Ribbons,0,0,,,0,1st-level
Black Sunshine,0,0,,,0,8th-level
Black Swan Storm,0,0,,,0,2nd-level
Black Tentacles,0,0,,,0,4th-level
Black Tentacles,0,0,,,0,4th-level
Black Well,0,0,,,0,6th-level
Blade Barrier,0,0,,,0,6th-level
Blade Barrier,0,0,,,0,6th-level
Blade of Wrath,0,0,,,0,3rd-level
Blade of my Brother,0,0,,,0,4th-level
Blazing Chariot,0,0,,,0,5th-level
Bleating Call,0,0,,,0,2nd-level
Bleed,0,0,,,0,1st-level
Bless,0,0,,,0,1st-level
Bless,0,0,,,0,1st-level
Bless the Dead,0,0,,,0,Cantrip
Blessed Halo,0,0,,,0,2nd-level
Blight,0,0,,,0,4th-level
Blight,0,0,,,0,4th-level
Blindness/Deafness,0,0,,,0,2nd-level
Blindness/Deafness,0,0,,,0,2nd-level
Blink,0,0,,,0,3rd-level
Blink,0,0,,,0,3rd-level
Blizzard,0,0,,,0,7th-level
Blood Armor,0,0,,,0,3rd-level
Blood Lure,0,0,,,0,2nd-level
Blood Offering,0,0,,,0,3rd-level
Blood Puppet,0,0,,,0,4th-level
Blood Scarab,0,0,,,0,1st-level
Blood Spoor,0,0,,,0,4th-level
Blood Strike,0,0,,,0,5th-level
Blood Tide,0,0,,,0,Cantrip
Blood and Steel,0,0,,,0,4th-level
Blood to Acid,0,0,,,0,9th-level
Blood-Writ Bargain,0,0,,,0,3rd-level
Bloodhound,0,0,,,0,1st-level
Bloodlust,0,0,,,0,2nd-level
Bloodshot,0,0,,,0,2nd-level
Bloody Hands,0,0,,,0,1st-level
Bloody Smite,0,0,,,0,1st-level
Bloom,0,0,,,0,8th-level
Blunted Edge,0,0,,,0,3rd-level
Blur,0,0,,,0,2nd-level
Blur,0,0,,,0,2nd-level
Boiling Blood,0,0,,,0,4th-level
Boiling Oil,0,0,,,0,2nd-level
Bolster Fortifications,0,0,,,0,3rd-level
Bolster Undead,0,0,,,0,1st-level
Bombardment of Stings,0,0,,,0,2nd-level
Booster Shot,0,0,,,0,3rd-level
Boreas’s Breath,0,0,,,0,2nd-level
Borrowing,0,0,,,0,3rd-level
Bottled Arcana,0,0,,,0,5th-level
Bottomless Stomach,0,0,,,0,1st-level
Bound Haze,0,0,,,0,3rd-level
Branding Smite,0,0,,,0,2nd-level
Breathtaking Wind,0,0,,,0,1st-level
Breeze Compass,0,0,,,0,3rd-level
Brimstone Infusion,0,0,,,0,Cantrip
Brittling,0,0,,,0,4th-level
Broken Charge,0,0,,,0,1st-level
Burning Hands,0,0,,,0,1st-level
Burning Hands,0,0,,,0,1st-level
Burst Stone,0,0,,,0,3rd-level
Butterfly Effect,0,0,,,0,2nd-level
By the Light of the Moon,0,0,,,0,2nd-level
By the Light of the Watchful Moon,0,0,,,0,4th-level
Calculate,0,0,,,0,Cantrip
Calculated Retribution,0,0,,,0,1st-level
Call Lightning,0,0,,,0,3rd-level
Call Lightning,0,0,,,0,3rd-level
Call Shadow Mastiff,0,0,,,0,3rd-level
Call the Hunter,0,0,,,0,8th-level
Calm Beasts,0,0,,,0,2nd-level
Calm Emotions,0,0,,,0,2nd-level
Calm Emotions,0,0,,,0,2nd-level
Calm of the Storm,0,0,,,0,3rd-level
Candle’s Insight,0,0,,,0,1st-level
Carmello-Volta’s Irksome Preserves,0,0,,,0,2nd-level
Catapult,0,0,,,0,6th-level
Catch the Breath,0,0,,,0,3rd-level
Caustic Blood,0,0,,,0,2nd-level
Caustic Torrent,0,0,,,0,8th-level
Caustic Touch,0,0,,,0,Cantrip
Celebration,0,0,,,0,7th-level
Ceremony,0,0,,,0,1st-level
Chain Lightning,0,0,,,0,6th-level
Chain Lightning,0,0,,,0,6th-level
Chains of Torment,0,0,,,0,4th-level
Chains of the Goddess,0,0,,,0,5th-level
Champion’s Weapon,0,0,,,0,2nd-level
Chaotic Form,0,0,,,0,4th-level
Chaotic Vitality,0,0,,,0,2nd-level
Chaotic World,0,0,,,0,6th-level
Charm Monster,0,0,,,0,4th-level
Charm Person,0,0,,,0,1st-level
Charm Person,0,0,,,0,1st-level
Charming Aesthetics,0,0,,,0,3rd-level
Child of Light and Darkness,0,0,,,0,8th-level
Chill Touch,0,0,,,0,Cantrip
Chill Touch,0,0,,,0,Cantrip
Chilling Words,0,0,,,0,3rd-level
Chronal Lance,0,0,,,0,1st-level
Circle of Death,0,0,,,0,6th-level
Circle of Death,0,0,,,0,6th-level
Circle of Devestation,0,0,,,0,9th-level
Circle of Wind,0,0,,,0,1st-level
Circular Breathing,0,0,,,0,Cantrip
Clairvoyance,0,0,,,0,3rd-level
Clairvoyance,0,0,,,0,3rd-level
Clash of Glaciers,0,0,,,0,5th-level
Claws of Darkness,0,0,,,0,Cantrip
Claws of the Earth Dragon,0,0,,,0,5th-level
Clear the Board,0,0,,,0,7th-level
Clearing the Field,0,0,,,0,2nd-level
Cloak of Shadow,0,0,,,0,1st-level
Clockwork Bolt,0,0,,,0,Cantrip
Clone,0,0,,,0,8th-level
Clone,0,0,,,0,8th-level
Closing In,0,0,,,0,3rd-level
Cloudkill,0,0,,,0,5th-level
Cloudkill,0,0,,,0,5th-level
Cloying Darkness,0,0,,,0,1st-level
Cobra Fangs,0,0,,,0,1st-level
Cobra's Spit,0,0,,,0,3rd-level
Color Spray,0,0,,,0,1st-level
Color Spray,0,0,,,0,1st-level
Command,0,0,,,0,1st-level
Command,0,0,,,0,1st-level
Commander's Pavilion,0,0,,,0,3rd-level
Commune,0,0,,,0,5th-level
Commune,0,0,,,0,5th-level
Commune with Nature,0,0,,,0,5th-level
Commune with Nature,0,0,,,0,5th-level
Compelled Movement,0,0,,,0,3rd-level
Compelling Fate,0,0,,,0,3rd-level
Comprehend Languages,0,0,,,0,1st-level
Comprehend Languages,0,0,,,0,1st-level
Comprehend Wild Shape,0,0,,,0,2nd-level
Compulsion,0,0,,,0,4th-level
Cone of Cold,0,0,,,0,5th-level
Cone of Cold,0,0,,,0,5th-level
Confound Senses,0,0,,,0,3rd-level
Confusion,0,0,,,0,4th-level
Confusion,0,0,,,0,4th-level
Conjure Animals,0,0,,,0,3rd-level
Conjure Animals,0,0,,,0,3rd-level
Conjure Celestial,0,0,,,0,7th-level
Conjure Celestial,0,0,,,0,7th-level
Conjure Construct,0,0,,,0,6th-level
Conjure Elemental,0,0,,,0,5th-level
Conjure Elemental,0,0,,,0,5th-level
Conjure Fey,0,0,,,0,6th-level
Conjure Fey,0,0,,,0,6th-level
Conjure Fey Hound,0,0,,,0,5th-level
Conjure Forest Defender,0,0,,,0,6th-level
Conjure Greater Spectral Dead,0,0,,,0,7th-level
Conjure Manabane Swarm,0,0,,,0,4th-level
Conjure Minor Elementals,0,0,,,0,4th-level
Conjure Minor Elementals,0,0,,,0,4th-level
Conjure Minor Voidborn,0,0,,,0,5th-level
Conjure Scarab Swarm,0,0,,,0,2nd-level
Conjure Shadow Titan,0,0,,,0,7th-level
Conjure Spectral Allies,0,0,,,0,7th-level
Conjure Spectral Dead,0,0,,,0,2nd-level
Conjure Undead,0,0,,,0,3rd-level
Conjure Voidborn,0,0,,,0,7th-level
Conjure Woodland Beings,0,0,,,0,4th-level
Conjure Woodland Beings,0,0,,,0,4th-level
Consult the Storm,0,0,,,0,4th-level
Contact Other Plane,0,0,,,0,5th-level
Contact Other Plane,0,0,,,0,5th-level
Contagion,0,0,,,0,5th-level
Contagion,0,0,,,0,5th-level
Contingency,0,0,,,0,6th-level
Contingency,0,0,,,0,6th-level
Continual Flame,0,0,,,0,2nd-level
Continual Flame,0,0,,,0,2nd-level
Control Water,0,0,,,0,4th-level
Control Water,0,0,,,0,4th-level
Control Weather,0,0,,,0,8th-level
Control Weather,0,0,,,0,8th-level
Converse With Dragon,0,0,,,0,1st-level
Convey Inner Peace,0,0,,,0,5th-level
Corpse Explosion,0,0,,,0,1st-level
Cosmic Alignment,0,0,,,0,9th-level
Costly Victory,0,0,,,0,8th-level
Counterspell,0,0,,,0,3rd-level
Counterspell,0,0,,,0,3rd-level
Create Food and Water,0,0,,,0,3rd-level
Create Food and Water,0,0,,,0,3rd-level
Create Ring Servant,0,0,,,0,8th-level
Create Thunderstaff,0,0,,,0,7th-level
Create Undead,0,0,,,0,6th-level
Create Undead,0,0,,,0,6th-level
Create or Destroy Water,0,0,,,0,1st-level
Create or Destroy Water,0,0,,,0,1st-level
Creation,0,0,,,0,5th-level
Creation,0,0,,,0,5th-level
Creeping Ice,0,0,,,0,2nd-level
Crown of Thorns,0,0,,,0,4th-level
Cruor of Visions,0,0,,,0,5th-level
Crushing Curse,0,0,,,0,Cantrip
Crushing Haymaker,0,0,,,0,3rd-level
Crushing Trample,0,0,,,0,2nd-level
Cure Beast,0,0,,,0,1st-level
Cure Wounds,0,0,,,0,1st-level
Cure Wounds,0,0,,,0,1st-level
Curse Ring,0,0,,,0,5th-level
Curse of Boreas,0,0,,,0,6th-level
Curse of Dust,0,0,,,0,7th-level
Curse of Formlessness,0,0,,,0,6th-level
Curse of Incompetence,0,0,,,0,3rd-level
Curse of Yig,0,0,,,0,5th-level
Curse of the Grave,0,0,,,0,7th-level
Cursed Gift,0,0,,,0,4th-level
Cynophobia,0,0,,,0,3rd-level
Daggerhawk,0,0,,,0,2nd-level
Damaging Intel,0,0,,,0,1st-level
Dancing Lights,0,0,,,0,Cantrip
Dancing Lights,0,0,,,0,Cantrip
Dark Dementing,0,0,,,0,5th-level
Dark Heraldry,0,0,,,0,3rd-level
Dark Maw,0,0,,,0,Cantrip
Dark Path,0,0,,,0,2nd-level
Darkbolt,0,0,,,0,2nd-level
Darklight,0,0,,,0,3rd-level
Darkness,0,0,,,0,2nd-level
Darkness,0,0,,,0,2nd-level
Darkvision,0,0,,,0,2nd-level
Darkvision,0,0,,,0,2nd-level
Daylight,0,0,,,0,3rd-level
Daylight,0,0,,,0,3rd-level
Dead Walking,0,0,,,0,2nd-level
Deadly Salvo,0,0,,,0,5th-level
Deadly Sting,0,0,,,0,8th-level
Deadweight,0,0,,,0,2nd-level
Death God’s Touch,0,0,,,0,7th-level
Death Ward,0,0,,,0,4th-level
Death Ward,0,0,,,0,4th-level
Decay,0,0,,,0,Cantrip
Decelerate,0,0,,,0,2nd-level
Deep Breath,0,0,,,0,1st-level
Defile Healing,0,0,,,0,7th-level
Delay Passing,0,0,,,0,1st-level
Delay Potion,0,0,,,0,2nd-level
Delayed Blast Fireball,0,0,,,0,7th-level
Delayed Blast Fireball,0,0,,,0,7th-level
Delayed Healing,0,0,,,0,3rd-level
Demiplane,0,0,,,0,8th-level
Demiplane,0,0,,,0,8th-level
Demon Within,0,0,,,0,3rd-level
Desiccating Breath,0,0,,,0,4th-level
Desolation,0,0,,,0,8th-level
Destructive Resonance,0,0,,,0,2nd-level
Detect Dragons,0,0,,,0,2nd-level
Detect Evil and Good,0,0,,,0,1st-level
Detect Evil and Good,0,0,,,0,1st-level
Detect Magic,0,0,,,0,1st-level
Detect Magic,0,0,,,0,1st-level
Detect Poison and Disease,0,0,,,0,1st-level
Detect Poison and Disease,0,0,,,0,1st-level
Detect Thoughts,0,0,,,0,2nd-level
Detect Thoughts,0,0,,,0,2nd-level
Deva’s Wings,0,0,,,0,4th-level
Devouring Darkness,0,0,,,0,9th-level
Dimension Door,0,0,,,0,4th-level
Dimension Door,0,0,,,0,4th-level
Dimensional Shove,0,0,,,0,3rd-level
Disguise Self,0,0,,,0,1st-level
Disguise Self,0,0,,,0,1st-level
Disintegrate,0,0,,,0,6th-level
Disintegrate,0,0,,,0,6th-level
Dispel Evil and Good,0,0,,,0,5th-level
Dispel Evil and Good,0,0,,,0,5th-level
Dispel Magic,0,0,,,0,3rd-level
Dispel Magic,0,0,,,0,3rd-level
Disquieting Gaze,0,0,,,0,1st-level
Disruptive Aura,0,0,,,0,8th-level
Distracting Divination,0,0,,,0,2nd-level
Distraction Cascade,0,0,,,0,2nd-level
Divination,0,0,,,0,4th-level
Divination,0,0,,,0,4th-level
Divine Favor,0,0,,,0,1st-level
Divine Favor,0,0,,,0,1st-level
Divine Retribution,0,0,,,0,1st-level
Divine Word,0,0,,,0,7th-level
Divine Word,0,0,,,0,7th-level
Dominate Beast,0,0,,,0,4th-level
Dominate Beast,0,0,,,0,4th-level
Dominate Monster,0,0,,,0,8th-level
Dominate Monster,0,0,,,0,8th-level
Dominate Person,0,0,,,0,5th-level
Dominate Person,0,0,,,0,5th-level
Doom of Ancient Decrepitude,0,0,,,0,5th-level
Doom of Blue Crystal,0,0,,,0,3rd-level
Doom of Consuming Fire,0,0,,,0,2nd-level
Doom of Dancing Blades,0,0,,,0,3rd-level
Doom of Disenchantment,0,0,,,0,3rd-level
Doom of Serpent Coils,0,0,,,0,4th-level
Doom of Voracity,0,0,,,0,3rd-level
Doom of the Cracked Shield,0,0,,,0,1st-level
Doom of the Earthen Maw,0,0,,,0,4th-level
Doom of the Slippery Rogue,0,0,,,0,2nd-level
Door of the Far Traveler,0,0,,,0,8th-level
Douse Light,0,0,,,0,Cantrip
Draconic Smite,0,0,,,0,1st-level
Dragon Breath,0,0,,,0,5th-level
Dragon Roar,0,0,,,0,Cantrip
Dramatic Sting,0,0,,,0,1st-level
Dream,0,0,,,0,5th-level
Dream,0,0,,,0,5th-level
Dreamwine,0,0,,,0,4th-level
Drown,0,0,,,0,3rd-level
Druidcraft,0,0,,,0,Cantrip
Druidcraft,0,0,,,0,Cantrip
Dryad’s Kiss,0,0,,,0,3rd-level
Earth Barrier,0,0,,,0,1st-level
Earthquake,0,0,,,0,8th-level
Earthquake,0,0,,,0,8th-level
Earthskimmer,0,0,,,0,4th-level
Earworm Melody,0,0,,,0,1st-level
Echoes of Steel,0,0,,,0,4th-level
Ectoplasm,0,0,,,0,2nd-level
Eidetic Memory,0,0,,,0,5th-level
Eldritch Blast,0,0,,,0,Cantrip
Eldritch Communion,0,0,,,0,5th-level
Eldritch Cube,0,0,,,0,5th-level
Elemental Horns,0,0,,,0,2nd-level
Elemental Twist,0,0,,,0,2nd-level
Emanation of Yoth,0,0,,,0,4th-level
Emerald Eyes,0,0,,,0,3rd-level
Enchant Ring,0,0,,,0,6th-level
Enchanted Bloom,0,0,,,0,5th-level
Encroaching Shadows,0,0,,,0,6th-level
Encrypt / Decrypt,0,0,,,0,Cantrip
Endow Attribute,0,0,,,0,4th-level
Energy Absorption,0,0,,,0,5th-level
Energy Foreknowledge,0,0,,,0,4th-level
Enhance Ability,0,0,,,0,2nd-level
Enhance Ability,0,0,,,0,2nd-level
Enhance Greed,0,0,,,0,2nd-level
Enlarge/Reduce,0,0,,,0,2nd-level
Enlarge/Reduce,0,0,,,0,2nd-level
Enrage Architecture,0,0,,,0,7th-level
Entangle,0,0,,,0,1st-level
Entangle,0,0,,,0,1st-level
Enthrall,0,0,,,0,2nd-level
Enthrall,0,0,,,0,2nd-level
Entomb,0,0,,,0,6th-level
Entropic Damage Field,0,0,,,0,3rd-level
Eruption,0,0,,,0,9th-level
Essence Instability,0,0,,,0,5th-level
Eternal Echo,0,0,,,0,3rd-level
Ethereal Stairs,0,0,,,0,5th-level
Etherealness,0,0,,,0,7th-level
Etherealness,0,0,,,0,7th-level
Evercold,0,0,,,0,4th-level
Exchanged Knowledge,0,0,,,0,3rd-level
Expeditious Retreat,0,0,,,0,1st-level
Expeditious Retreat,0,0,,,0,1st-level
Exsanguinate,0,0,,,0,5th-level
Exsanguinating Cloud,0,0,,,0,5th-level
Extract Foyson,0,0,,,0,1st-level
Extract Knowledge,0,0,,,0,6th-level
Eye bite,0,0,,,0,6th-level
Eyebite,0,0,,,0,6th-level
Eyebite,0,0,,,0,6th-level
Fabricate,0,0,,,0,4th-level
Fabricate,0,0,,,0,4th-level
Faerie Fire,0,0,,,0,1st-level
Faerie Fire,0,0,,,0,1st-level
Faithful Hound,0,0,,,0,4th-level
Faithful Hound,0,0,,,0,4th-level
False Life,0,0,,,0,1st-level
False Life,0,0,,,0,1st-level
Fault Line,0,0,,,0,6th-level
Fear,0,0,,,0,3rd-level
Fear,0,0,,,0,3rd-level
Feather Fall,0,0,,,0,1st-level
Feather Fall,0,0,,,0,1st-level
Feather Field,0,0,,,0,1st-level
Feather Travel,0,0,,,0,2nd-level
Feeblemind,0,0,,,0,8th-level
Feeblemind,0,0,,,0,8th-level
Feed the Worms,0,0,,,0,1st-level
Feint,0,0,,,0,1st-level
Fey Crown,0,0,,,0,5th-level
Fey Food,0,0,,,0,3rd-level
Fey-Touched Blade,0,0,,,0,2nd-level
Find Familiar,0,0,,,0,1st-level
Find Familiar,0,0,,,0,1st-level
Find Kin,0,0,,,0,1st-level
Find Steed,0,0,,,0,2nd-level
Find Steed,0,0,,,0,2nd-level
Find Traps,0,0,,,0,2nd-level
Find Traps,0,0,,,0,2nd-level
Find the Flaw,0,0,,,0,1st-level
Find the Path,0,0,,,0,6th-level
Find the Path,0,0,,,0,6th-level
Finger of Death,0,0,,,0,7th-level
Finger of Death,0,0,,,0,7th-level
Fire Bolt,0,0,,,0,Cantrip
Fire Bolt,0,0,,,0,Cantrip
Fire Darts,0,0,,,0,2nd-level
Fire Shield,0,0,,,0,4th-level
Fire Shield,0,0,,,0,4th-level
Fire Storm,0,0,,,0,7th-level
Fire Storm,0,0,,,0,7th-level
Fire Under the Tongue,0,0,,,0,1st-level
Fireball,0,0,,,0,3rd-level
Fireball,0,0,,,0,3rd-level
Firewalk,0,0,,,0,6th-level
Fist of Iron,0,0,,,0,Cantrip
Flame Blade,0,0,,,0,2nd-level
Flame Blade,0,0,,,0,2nd-level
Flame Strike,0,0,,,0,5th-level
Flame Strike,0,0,,,0,5th-level
Flame Wave,0,0,,,0,4th-level
Flaming Sphere,0,0,,,0,2nd-level
Flaming Sphere,0,0,,,0,2nd-level
Flesh to Paper,0,0,,,0,3rd-level
Flesh to Stone,0,0,,,0,6th-level
Flesh to Stone,0,0,,,0,6th-level
Flex,0,0,,,0,2nd-level
Flickering Fate,0,0,,,0,4th-level
Floating Disk,0,0,,,0,1st-level
Floating Disk,0,0,,,0,1st-level
Fluctuating Alignment,0,0,,,0,4th-level
Flurry,0,0,,,0,1st-level
Fly,0,0,,,0,3rd-level
Fly,0,0,,,0,3rd-level
Fog Cloud,0,0,,,0,1st-level
Fog Cloud,0,0,,,0,1st-level
Forbiddance,0,0,,,0,6th-level
Forbiddance,0,0,,,0,6th-level
Force Punch,0,0,,,0,1st-level
Force of Will,0,0,,,0,2nd-level
Forcecage,0,0,,,0,7th-level
Forcecage,0,0,,,0,7th-level
Forced Reposition,0,0,,,0,4th-level
Foresight,0,0,,,0,9th-level
Foresight,0,0,,,0,9th-level
Forest Army,0,0,,,0,9th-level
Forest Native,0,0,,,0,1st-level
Forest Sanctuary,0,0,,,0,9th-level
Foretell Distraction,0,0,,,0,1st-level
Form of the Gods,0,0,,,0,9th-level
Freedom of Movement,0,0,,,0,4th-level
Freedom of Movement,0,0,,,0,4th-level
Freeze Blood,0,0,,,0,3rd-level
Freeze Potion,0,0,,,0,1st-level
Freezing Fog,0,0,,,0,3rd-level
Freezing Sphere,0,0,,,0,6th-level
Freezing Sphere,0,0,,,0,6th-level
Frenzied Bolt,0,0,,,0,2nd-level
Friends,0,0,,,0,Cantrip
Frostbite,0,0,,,0,5th-level
Frostbitten Fingers,0,0,,,0,3rd-level
Frozen Razors,0,0,,,0,3rd-level
Furious Hooves,0,0,,,0,2nd-level
Furious Wail,0,0,,,0,9th-level
Fuse Armor,0,0,,,0,2nd-level
Fusillade of Ice,0,0,,,0,4th-level
Gale,0,0,,,0,6th-level
Gaseous Form,0,0,,,0,3rd-level
Gaseous Form,0,0,,,0,3rd-level
Gate,0,0,,,0,9th-level
Gate,0,0,,,0,9th-level
Gear Barrage,0,0,,,0,2nd-level
Gear Shield,0,0,,,0,1st-level
Geas,0,0,,,0,5th-level
Geas,0,0,,,0,5th-level
Gentle Repose,0,0,,,0,2nd-level
Gentle Repose,0,0,,,0,2nd-level
Ghoul King’s Cloak,0,0,,,0,8th-level
Giant Insect,0,0,,,0,4th-level
Giant Insect,0,0,,,0,4th-level
Gift of Azathoth,0,0,,,0,2nd-level
Gird the Spirit,0,0,,,0,1st-level
Glacial Cascade,0,0,,,0,8th-level
Glacial Fog,0,0,,,0,7th-level
Glare,0,0,,,0,1st-level
Glibness,0,0,,,0,8th-level
Glibness,0,0,,,0,8th-level
Gliding Step,0,0,,,0,1st-level
Glimpse of the Void,0,0,,,0,8th-level
Globe of Invulnerability,0,0,,,0,6th-level
Globe of Invulnerability,0,0,,,0,6th-level
Gloomwrought Barrier,0,0,,,0,3rd-level
Gluey Globule,0,0,,,0,3rd-level
Glyph of Shifting,0,0,,,0,2nd-level
Glyph of Warding,0,0,,,0,3rd-level
Glyph of Warding,0,0,,,0,3rd-level
Goat's Hoof Charm,0,0,,,0,1st-level
Going in Circles,0,0,,,0,3rd-level
Goodberry,0,0,,,0,1st-level
Goodberry,0,0,,,0,1st-level
Gordolay’s Pleasant Aroma,0,0,,,0,1st-level
Grapevine,0,0,,,0,Cantrip
Grasp of the Tupilak,0,0,,,0,5th-level
Grease,0,0,,,0,1st-level
Grease,0,0,,,0,1st-level
Greater Invisibility,0,0,,,0,4th-level
Greater Invisibility,0,0,,,0,4th-level
Greater Ley Protection,0,0,,,0,7th-level
Greater Ley Pulse,0,0,,,0,7th-level
Greater Maze,0,0,,,0,9th-level
Greater Restoration,0,0,,,0,5th-level
Greater Restoration,0,0,,,0,5th-level
Greater Seal of Sanctuary,0,0,,,0,9th-level
Green Decay,0,0,,,0,4th-level
Gremlins,0,0,,,0,4th-level
Grinding Gears,0,0,,,0,4th-level
Grudge Match,0,0,,,0,2nd-level
Guardian of Faith,0,0,,,0,4th-level
Guardian of Faith,0,0,,,0,4th-level
Guards and Wards,0,0,,,0,6th-level
Guards and Wards,0,0,,,0,6th-level
Guest of Honor,0,0,,,0,1st-level
Guidance,0,0,,,0,Cantrip
Guidance,0,0,,,0,Cantrip
Guiding Bolt,0,0,,,0,1st-level
Guiding Bolt,0,0,,,0,1st-level
Guiding Star,0,0,,,0,1st-level
Gust of Wind,0,0,,,0,2nd-level
Gust of Wind,0,0,,,0,2nd-level
Hallow,0,0,,,0,5th-level
Hallow,0,0,,,0,5th-level
Hallucinatory Terrain,0,0,,,0,4th-level
Hallucinatory Terrain,0,0,,,0,4th-level
Hamstring,0,0,,,0,Cantrip
Hard Heart,0,0,,,0,1st-level
Harm,0,0,,,0,6th-level
Harm,0,0,,,0,6th-level
Harmonic Resonance,0,0,,,0,1st-level
Harry,0,0,,,0,4th-level
Harrying Hounds,0,0,,,0,5th-level
Harsh Light of Summer’s Glare,0,0,,,0,8th-level
Haste,0,0,,,0,3rd-level
Haste,0,0,,,0,3rd-level
Heal,0,0,,,0,6th-level
Heal,0,0,,,0,6th-level
Healing Word,0,0,,,0,1st-level
Healing Word,0,0,,,0,1st-level
Heart of Dis,0,0,,,0,8th-level
Heart to Heart,0,0,,,0,1st-level
Heart-Seeking Arrow,0,0,,,0,4th-level
Heartache,0,0,,,0,2nd-level
Hearth Charm,0,0,,,0,1st-level
Heartstop,0,0,,,0,2nd-level
Heartstrike,0,0,,,0,2nd-level
Heat Metal,0,0,,,0,2nd-level
Heat Metal,0,0,,,0,2nd-level
Heavenly Crown,0,0,,,0,6th-level
Hedgehog Dozen,0,0,,,0,3rd-level
Hedren’s Birds of Clay,0,0,,,0,3rd-level
Hellforging,0,0,,,0,7th-level
Hellish Rebuke,0,0,,,0,1st-level
Hematomancy,0,0,,,0,3rd-level
Hero's Steel,0,0,,,0,3rd-level
Heroes' Feast,0,0,,,0,6th-level
Heroes' Feast,0,0,,,0,6th-level
Heroism,0,0,,,0,1st-level
Heroism,0,0,,,0,1st-level
Hide in One’s Shadow,0,0,,,0,4th-level
Hideous Laughter,0,0,,,0,1st-level
Hideous Laughter,0,0,,,0,1st-level
High Ground,0,0,,,0,3rd-level
Hirvsth's Call,0,0,,,0,4th-level
Hoarfrost,0,0,,,0,Cantrip
Hobble,0,0,,,0,Cantrip
Hobble Mount,0,0,,,0,1st-level
Hod's Gift,0,0,,,0,5th-level
Hold Monster,0,0,,,0,5th-level
Hold Monster,0,0,,,0,5th-level
Hold Person,0,0,,,0,2nd-level
Hold Person,0,0,,,0,2nd-level
Holy Aura,0,0,,,0,8th-level
Holy Aura,0,0,,,0,8th-level
Holy Ground,0,0,,,0,5th-level
Hone Blade,0,0,,,0,1st-level
Hunger of Leng,0,0,,,0,4th-level
Hunter's Endurance,0,0,,,0,1st-level
Hunter's Mark,0,0,,,0,1st-level
Hunting Stand,0,0,,,0,4th-level
Hypnagogia,0,0,,,0,4th-level
Hypnic Jerk,0,0,,,0,Cantrip
Hypnotic Pattern,0,0,,,0,3rd-level
Hypnotic Pattern,0,0,,,0,3rd-level
Ice Fortress,0,0,,,0,5th-level
Ice Hammer,0,0,,,0,2nd-level
Ice Soldiers,0,0,,,0,7th-level
Ice Storm,0,0,,,0,4th-level
Ice Storm,0,0,,,0,4th-level
Icicle Daggers,0,0,,,0,1st-level
Icy Grasp of the Void,0,0,,,0,7th-level
Icy Manipulation,0,0,,,0,6th-level
Identify,0,0,,,0,1st-level
Identify,0,0,,,0,1st-level
Ill-Fated Word,0,0,,,0,1st-level
Illuminate Spoor,0,0,,,0,1st-level
Illusory Script,0,0,,,0,1st-level
Illusory Script,0,0,,,0,1st-level
Imbue Spell,0,0,,,0,5th-level
Immolating Gibbet,0,0,,,0,7th-level
Impending Ally,0,0,,,0,3rd-level
Imprisonment,0,0,,,0,9th-level
Imprisonment,0,0,,,0,9th-level
Incantation of Lies Made Truth,0,0,,,0,9th-level
Incendiary Cloud,0,0,,,0,8th-level
Incendiary Cloud,0,0,,,0,8th-level
Inconspicuous Facade,0,0,,,0,4th-level
Inescapable Malady,0,0,,,0,7th-level
Inexorable Summons,0,0,,,0,3rd-level
Infernal Weapon,0,0,,,0,6th-level
Inflict Wounds,0,0,,,0,1st-level
Inflict Wounds,0,0,,,0,1st-level
Innocuous Aspect,0,0,,,0,3rd-level
Insect Plague,0,0,,,0,5th-level
Insect Plague,0,0,,,0,5th-level
Insightful Maneuver,0,0,,,0,1st-level
Inspiring Speech,0,0,,,0,4th-level
Instant Armored Vehicle,0,0,,,0,6th-level
Instant Fortification,0,0,,,0,5th-level
Instant Siege Weapon,0,0,,,0,4th-level
Instant Snare,0,0,,,0,2nd-level
Instant Summons,0,0,,,0,6th-level
Instant Summons,0,0,,,0,6th-level
Invested Champion,0,0,,,0,3rd-level
Invigorated Strikes,0,0,,,0,2nd-level
Invisibility,0,0,,,0,2nd-level
Invisibility,0,0,,,0,2nd-level
Ire of the Mountain,0,0,,,0,3rd-level
Iron Gut,0,0,,,0,3rd-level
Iron Hand,0,0,,,0,Cantrip
Irresistible Dance,0,0,,,0,6th-level
Irresistible Dance,0,0,,,0,6th-level
Jagged Forcelance,0,0,,,0,3rd-level
Jarring Growl,0,0,,,0,1st-level
Jeweled Fissure,0,0,,,0,3rd-level
Jotun's Jest,0,0,,,0,4th-level
Jump,0,0,,,0,1st-level
Jump,0,0,,,0,1st-level
Kareef’s Entreaty,0,0,,,0,1st-level
Keening Wail,0,0,,,0,4th-level
Killing Fields,0,0,,,0,5th-level
Kiss of the Succubus,0,0,,,0,5th-level
Knock,0,0,,,0,2nd-level
Knock,0,0,,,0,2nd-level
Kobold’s Fury,0,0,,,0,1st-level
Labyrinth Mastery,0,0,,,0,4th-level
Labyrinthine Howl,0,0,,,0,5th-level
Lacerate,0,0,,,0,2nd-level
Lair Sense,0,0,,,0,2nd-level
Lance,0,0,,,0,2nd-level
Land Bond,0,0,,,0,1st-level
Last Rays of the Dying Sun,0,0,,,0,7th-level
Lava Stone,0,0,,,0,4th-level
Lay to Rest,0,0,,,0,5th-level
Legend Killer,0,0,,,0,7th-level
Legend Lore,0,0,,,0,5th-level
Legend Lore,0,0,,,0,5th-level
Legion,0,0,,,0,3rd-level
Legion of Rabid Squirrels,0,0,,,0,3rd-level
Lemure Transformation,0,0,,,0,2nd-level
"Less Fool, I",0,0,,,0,1st-level
Lesser Ley Protection,0,0,,,0,5th-level
Lesser Ley Pulse,0,0,,,0,5th-level
Lesser Maze,0,0,,,0,3rd-level
Lesser Restoration,0,0,,,0,2nd-level
Lesser Restoration,0,0,,,0,2nd-level
Levitate,0,0,,,0,2nd-level
Levitate,0,0,,,0,2nd-level
Ley Disruption,0,0,,,0,2nd-level
Ley Disturbance,0,0,,,0,3rd-level
Ley Energy Bolt,0,0,,,0,3rd-level
Ley Leech,0,0,,,0,5th-level
Ley Sense,0,0,,,0,3rd-level
Ley Storm,0,0,,,0,9th-level
Ley Surge,0,0,,,0,9th-level
Ley Whip,0,0,,,0,6th-level
Life Burst,0,0,,,0,5th-level
Life Drain,0,0,,,0,6th-level
Life Hack,0,0,,,0,8th-level
Life Sense,0,0,,,0,3rd-level
Life Transference Arrow,0,0,,,0,1st-level
Life from Death,0,0,,,0,3rd-level
Light,0,0,,,0,Cantrip
Light,0,0,,,0,Cantrip
Lightless Torch,0,0,,,0,1st-level
Lightning Bolt,0,0,,,0,3rd-level
Lightning Bolt,0,0,,,0,3rd-level
Litany of Sure Hands,0,0,,,0,1st-level
Living Shadows,0,0,,,0,5th-level
Locate Animals or Plants,0,0,,,0,2nd-level
Locate Animals or Plants,0,0,,,0,2nd-level
Locate Creature,0,0,,,0,4th-level
Locate Creature,0,0,,,0,4th-level
Locate Object,0,0,,,0,2nd-level
Locate Object,0,0,,,0,2nd-level
Locate Red Portal,0,0,,,0,3rd-level
Lock Armor,0,0,,,0,2nd-level
Loki's Gift,0,0,,,0,1st-level
Long Game,0,0,,,0,7th-level
Longstrider,0,0,,,0,1st-level
Longstrider,0,0,,,0,1st-level
Looping Trail,0,0,,,0,4th-level
Lovesick,0,0,,,0,4th-level
Machine Sacrifice,0,0,,,0,8th-level
Machine Speech,0,0,,,0,1st-level
Machine's Load,0,0,,,0,1st-level
Maddening Whispers,0,0,,,0,2nd-level
Mage Armor,0,0,,,0,1st-level
Mage Armor,0,0,,,0,1st-level
Mage Hand,0,0,,,0,Cantrip
Mage Hand,0,0,,,0,Cantrip
Magic Circle,0,0,,,0,3rd-level
Magic Circle,0,0,,,0,3rd-level
Magic Jar,0,0,,,0,6th-level
Magic Jar,0,0,,,0,6th-level
Magic Missile,0,0,,,0,1st-level
Magic Missile,0,0,,,0,1st-level
Magic Mouth,0,0,,,0,2nd-level
Magic Mouth,0,0,,,0,2nd-level
Magic Weapon,0,0,,,0,2nd-level
Magic Weapon,0,0,,,0,2nd-level
Magma Spray,0,0,,,0,2nd-level
Magnificent Mansion,0,0,,,0,7th-level
Magnificent Mansion,0,0,,,0,7th-level
Maim,0,0,,,0,5th-level
Major Image,0,0,,,0,3rd-level
Major Image,0,0,,,0,3rd-level
Malevolent Waves,0,0,,,0,8th-level
Mammon’s Due,0,0,,,0,9th-level
Mantle of the Brave,0,0,,,0,2nd-level
March of the Dead,0,0,,,0,3rd-level
Mark Prey,0,0,,,0,2nd-level
Martyr's Rally,0,0,,,0,3rd-level
Mass Blade Ward,0,0,,,0,2nd-level
Mass Cure Wounds,0,0,,,0,5th-level
Mass Cure Wounds,0,0,,,0,5th-level
Mass Faerie Fire,0,0,,,0,4th-level
Mass Heal,0,0,,,0,9th-level
Mass Heal,0,0,,,0,9th-level
Mass Healing Word,0,0,,,0,3rd-level
Mass Healing Word,0,0,,,0,3rd-level
Mass Hobble Mount,0,0,,,0,3rd-level
Mass Repair Metal,0,0,,,0,5th-level
Mass Suggestion,0,0,,,0,6th-level
Mass Suggestion,0,0,,,0,6th-level
Mass Surge Dampener,0,0,,,0,5th-level
Maw of Needles,0,0,,,0,1st-level
Maze,0,0,,,0,8th-level
Maze,0,0,,,0,8th-level
Mechanical Union,0,0,,,0,5th-level
Meld Into Stone,0,0,,,0,3rd-level
Meld into Stone,0,0,,,0,3rd-level
Memento Mori,0,0,,,0,Cantrip
Mending,0,0,,,0,Cantrip
Mending,0,0,,,0,Cantrip
Mental Grip,0,0,,,0,2nd-level
Mephitic Croak,0,0,,,0,2nd-level
Message,0,0,,,0,Cantrip
Message,0,0,,,0,Cantrip
Meteor Swarm,0,0,,,0,9th-level
Meteor Swarm,0,0,,,0,9th-level
Mind Blank,0,0,,,0,8th-level
Mind Blank,0,0,,,0,8th-level
Mind Exchange,0,0,,,0,3rd-level
Mind Maze,0,0,,,0,6th-level
Mindshield,0,0,,,0,4th-level
Minor Illusion,0,0,,,0,Cantrip
Minor Illusion,0,0,,,0,Cantrip
Mirage Arcane,0,0,,,0,7th-level
Mirage Arcane,0,0,,,0,7th-level
Mire,0,0,,,0,3rd-level
Mirror Image,0,0,,,0,2nd-level
Mirror Image,0,0,,,0,2nd-level
Mirror Realm,0,0,,,0,7th-level
Misdirection,0,0,,,0,1st-level
Mislead,0,0,,,0,5th-level
Mislead,0,0,,,0,5th-level
Misstep,0,0,,,0,Cantrip
Mist of Wonders,0,0,,,0,2nd-level
Misty Step,0,0,,,0,2nd-level
Misty Step,0,0,,,0,2nd-level
Modify Memory,0,0,,,0,5th-level
Modify Memory,0,0,,,0,5th-level
Molech's Blessing,0,0,,,0,7th-level
Monstrous Empathy,0,0,,,0,3rd-level
Moon Trap,0,0,,,0,4th-level
Moon's Respite,0,0,,,0,5th-level
Moonbeam,0,0,,,0,2nd-level
Moonbeam,0,0,,,0,2nd-level
Morphic Flux,0,0,,,0,7th-level
Mosquito Bane,0,0,,,0,1st-level
Move Earth,0,0,,,0,6th-level
Move Earth,0,0,,,0,6th-level
Move the Cosmic Wheel,0,0,,,0,8th-level
Mud,0,0,,,0,2nd-level
Mud Pack,0,0,,,0,1st-level
Muted Foe,0,0,,,0,1st-level
Negative Image,0,0,,,0,2nd-level
Nether Weapon,0,0,,,0,4th-level
Never Surrender,0,0,,,0,3rd-level
Night Terrors,0,0,,,0,4th-level
Nightfall,0,0,,,0,3rd-level
Nip at the Heels,0,0,,,0,2nd-level
Nondetection,0,0,,,0,3rd-level
Nondetection,0,0,,,0,3rd-level
Not Dead Yet,0,0,,,0,4th-level
Not This Day!,0,0,,,0,5th-level
Oathbound Implement,0,0,,,0,3rd-level
Obfuscate Object,0,0,,,0,Cantrip
Open Red Portal,0,0,,,0,9th-level
Orb of Light,0,0,,,0,2nd-level
Order of Revenge,0,0,,,0,3rd-level
Outflanking Boon,0,0,,,0,3rd-level
Outmaneuver,0,0,,,0,1st-level
Overclock,0,0,,,0,3rd-level
Oversized Paws,0,0,,,0,2nd-level
Paragon of Chaos,0,0,,,0,8th-level
Pass Without Trace,0,0,,,0,2nd-level
Pass without Trace,0,0,,,0,2nd-level
Passwall,0,0,,,0,5th-level
Passwall,0,0,,,0,5th-level
Pendulum,0,0,,,0,1st-level
Perun's Doom,0,0,,,0,3rd-level
Pestilence,0,0,,,0,Cantrip
Phantasmal Killer,0,0,,,0,4th-level
Phantasmal Killer,0,0,,,0,4th-level
Phantasmal Talons,0,0,,,0,1st-level
Phantom Dragon,0,0,,,0,3rd-level
Phantom Steed,0,0,,,0,3rd-level
Phantom Steed,0,0,,,0,3rd-level
Pierce the Veil,0,0,,,0,5th-level
Pincer,0,0,,,0,6th-level
Piper's Lure,0,0,,,0,3rd-level
Pitfall,0,0,,,0,4th-level
Planar Ally,0,0,,,0,6th-level
Planar Ally,0,0,,,0,6th-level
Planar Binding,0,0,,,0,5th-level
Planar Binding,0,0,,,0,5th-level
Plane Shift,0,0,,,0,7th-level
Plane Shift,0,0,,,0,7th-level
Plant Growth,0,0,,,0,3rd-level
Plant Growth,0,0,,,0,3rd-level
Poison Skin,0,0,,,0,3rd-level
Poison Spray,0,0,,,0,Cantrip
Poisoned Volley,0,0,,,0,2nd-level
Polymorph,0,0,,,0,4th-level
Polymorph,0,0,,,0,4th-level
Portal Jaunt,0,0,,,0,3rd-level
Portal Trap,0,0,,,0,2nd-level
Potency of the Pack,0,0,,,0,3rd-level
Power Word Fling,0,0,,,0,3rd-level
Power Word Kill,0,0,,,0,9th-level
Power Word Kill,0,0,,,0,9th-level
Power Word Kneel,0,0,,,0,2nd-level
Power Word Pain,0,0,,,0,4th-level
Power Word Rend,0,0,,,0,4th-level
Power Word Restore,0,0,,,0,8th-level
Power Word Stun,0,0,,,0,8th-level
Power Word Stun,0,0,,,0,8th-level
Pratfall,0,0,,,0,1st-level
Prayer of Healing,0,0,,,0,2nd-level
Prayer of Healing,0,0,,,0,2nd-level
Prestidigitation,0,0,,,0,Cantrip
Prestidigitation,0,0,,,0,Cantrip
Primal Infusion,0,0,,,0,5th-level
Prismatic Ray,0,0,,,0,5th-level
Prismatic Spray,0,0,,,0,7th-level
Prismatic Spray,0,0,,,0,7th-level
Prismatic Wall,0,0,,,0,9th-level
Prismatic Wall,0,0,,,0,9th-level
Private Sanctum,0,0,,,0,4th-level
Private Sanctum,0,0,,,0,4th-level
Produce Flame,0,0,,,0,Cantrip
Produce Flame,0,0,,,0,Cantrip
Programmed Illusion,0,0,,,0,6th-level
Programmed Illusion,0,0,,,0,6th-level
Project Image,0,0,,,0,7th-level
Project Image,0,0,,,0,7th-level
Protection from Energy,0,0,,,0,3rd-level
Protection from Energy,0,0,,,0,2nd-level
Protection from Evil and Good,0,0,,,0,1st-level
Protection from Evil and Good,0,0,,,0,1st-level
Protection from Poison,0,0,,,0,2nd-level
Protection from Poison,0,0,,,0,2nd-level
Protection from the Void,0,0,,,0,1st-level
Protective Ice,0,0,,,0,3rd-level
Puff of Smoke,0,0,,,0,Cantrip
Pummelstone,0,0,,,0,Cantrip
Purify Food and Drink,0,0,,,0,1st-level
Purify Food and Drink,0,0,,,0,1st-level
Putrescent Faerie Circle,0,0,,,0,5th-level
Pyroclasm,0,0,,,0,9th-level
Quick Time,0,0,,,0,4th-level
Quicken,0,0,,,0,Cantrip
Quicksilver Mantle,0,0,,,0,4th-level
Quintessence,0,0,,,0,8th-level
Rage of the Meek,0,0,,,0,4th-level
Raid the Lair,0,0,,,0,4th-level
Rain of Blades,0,0,,,0,5th-level
Raise Dead,0,0,,,0,5th-level
Raise Dead,0,0,,,0,5th-level
Raise Hell,0,0,,,0,9th-level
Ray of Alchemical Negation,0,0,,,0,4th-level
Ray of Enfeeblement,0,0,,,0,2nd-level
Ray of Enfeeblement,0,0,,,0,2nd-level
Ray of Frost,0,0,,,0,Cantrip
Ray of Frost,0,0,,,0,Cantrip
Ray of Life Suppression,0,0,,,0,4th-level
Ray of Sickness,0,0,,,0,1st-level
Read Memory,0,0,,,0,4th-level
Reaper's Knell,0,0,,,0,4th-level
Reassemble,0,0,,,0,5th-level
Reaver Spirit,0,0,,,0,3rd-level
Rebounding Bolt,0,0,,,0,3rd-level
Reciprocating Portal,0,0,,,0,3rd-level
Regenerate,0,0,,,0,7th-level
Regenerate,0,0,,,0,7th-level
Reincarnate,0,0,,,0,5th-level
Reincarnate,0,0,,,0,5th-level
Remove Curse,0,0,,,0,3rd-level
Remove Curse,0,0,,,0,3rd-level
Remove Insulation,0,0,,,0,4th-level
Repair Metal,0,0,,,0,2nd-level
Reposition,0,0,,,0,4th-level
Repulsing Wall,0,0,,,0,4th-level
Reset,0,0,,,0,4th-level
Reset Red Portal,0,0,,,0,5th-level
Resilient Sphere,0,0,,,0,4th-level
Resilient Sphere,0,0,,,0,4th-level
Resistance,0,0,,,0,Cantrip
Resistance,0,0,,,0,Cantrip
Resurrection,0,0,,,0,7th-level
Resurrection,0,0,,,0,7th-level
Retribution,0,0,,,0,1st-level
Revenge's Eye,0,0,,,0,2nd-level
Reverberate,0,0,,,0,2nd-level
Reverse Gravity,0,0,,,0,7th-level
Reverse Gravity,0,0,,,0,7th-level
Revive Beast,0,0,,,0,2nd-level
Revivify,0,0,,,0,3rd-level
Revivify,0,0,,,0,3rd-level
Right the Stars,0,0,,,0,7th-level
Ring Strike,0,0,,,0,1st-level
Ring Ward,0,0,,,0,7th-level
Riptide,0,0,,,0,3rd-level
Rise of the Green,0,0,,,0,8th-level
Risen Road,0,0,,,0,4th-level
Rive,0,0,,,0,4th-level
Robe of Shards,0,0,,,0,6th-level
Rockfall Ward,0,0,,,0,1st-level
Rolling Thunder,0,0,,,0,2nd-level
Rope Trick,0,0,,,0,2nd-level
Rope Trick,0,0,,,0,2nd-level
Rotting Corpse,0,0,,,0,2nd-level
Rune of Imprisonment,0,0,,,0,3rd-level
Sacred Flame,0,0,,,0,Cantrip
Sacred Flame,0,0,,,0,Cantrip
Sacrifice Pawn,0,0,,,0,4th-level
Sacrificial Healing,0,0,,,0,4th-level
Safe Transposition,0,0,,,0,2nd-level
Salt Lash,0,0,,,0,3rd-level
Sanctuary,0,0,,,0,1st-level
Sanctuary,0,0,,,0,1st-level
Sand Ship,0,0,,,0,4th-level
Sanguine Horror,0,0,,,0,5th-level
Sanguine Spear,0,0,,,0,2nd-level
Scale Rot,0,0,,,0,4th-level
Scattered Images,0,0,,,0,4th-level
Scentless,0,0,,,0,1st-level
Scorching Ray,0,0,,,0,2nd-level
Scorching Ray,0,0,,,0,2nd-level
Screaming Ray,0,0,,,0,1st-level
Scribe,0,0,,,0,Cantrip
Scry Ambush,0,0,,,0,4th-level
Scrying,0,0,,,0,5th-level
Scrying,0,0,,,0,5th-level
Sculpt Snow,0,0,,,0,2nd-level
Seal Red Portal,0,0,,,0,6th-level
Seal of Sanctuary,0,0,,,0,7th-level
Searing Equation,0,0,,,0,1st-level
Searing Sun,0,0,,,0,4th-level
Secret Blind,0,0,,,0,3rd-level
Secret Chest,0,0,,,0,4th-level
Secret Chest,0,0,,,0,4th-level
See Beyond,0,0,,,0,5th-level
See Invisibility,0,0,,,0,2nd-level
See Invisibility,0,0,,,0,2nd-level
Seed Bomb,0,0,,,0,2nd-level
Seed of Destruction,0,0,,,0,8th-level
Seeming,0,0,,,0,5th-level
Seeming,0,0,,,0,5th-level
Seeping Death,0,0,,,0,3rd-level
Seer’s Reaction,0,0,,,0,1st-level
Selfish Wish,0,0,,,0,9th-level
Semblance of Dread,0,0,,,0,Cantrip
Sending,0,0,,,0,3rd-level
Sending,0,0,,,0,3rd-level
Sequester,0,0,,,0,7th-level
Sequester,0,0,,,0,7th-level
Shade,0,0,,,0,2nd-level
Shadow Adaptation,0,0,,,0,2nd-level
Shadow Armor,0,0,,,0,1st-level
Shadow Bite,0,0,,,0,Cantrip
Shadow Blindness,0,0,,,0,Cantrip
Shadow Hands,0,0,,,0,1st-level
Shadow Monsters,0,0,,,0,4th-level
Shadow Puppets,0,0,,,0,2nd-level
Shadow Realm Gateway,0,0,,,0,5th-level
Shadow Spawn,0,0,,,0,6th-level
Shadow Tree,0,0,,,0,2nd-level
Shadow Trove,0,0,,,0,3rd-level
Shadow's Brand,0,0,,,0,2nd-level
Shadows Brought to Light,0,0,,,0,2nd-level
Shadowy Retribution,0,0,,,0,4th-level
Shapechange,0,0,,,0,9th-level
Shapechange,0,0,,,0,9th-level
Shared Frenzy,0,0,,,0,3rd-level
Shared Sacrifice,0,0,,,0,2nd-level
Shatter,0,0,,,0,2nd-level
Shatter,0,0,,,0,2nd-level
Shattering Barrage,0,0,,,0,2nd-level
Sheen of Ice,0,0,,,0,2nd-level
Shield,0,0,,,0,1st-level
Shield,0,0,,,0,1st-level
Shield of Faith,0,0,,,0,1st-level
Shield of Faith,0,0,,,0,1st-level
Shield of Star and Shadow,0,0,,,0,3rd-level
Shifting the Odds,0,0,,,0,2nd-level
Shillelagh,0,0,,,0,Cantrip
Shillelagh,0,0,,,0,Cantrip
Shiver,0,0,,,0,Cantrip
Shocking Grasp,0,0,,,0,Cantrip
Shocking Grasp,0,0,,,0,Cantrip
Shocking Volley,0,0,,,0,2nd-level
Shroud of Death,0,0,,,0,4th-level
Sidestep Arrow,0,0,,,0,3rd-level
Sightburst,0,0,,,0,2nd-level
Sign of Koth,0,0,,,0,7th-level
Silence,0,0,,,0,2nd-level
Silence,0,0,,,0,2nd-level
Silent Image,0,0,,,0,1st-level
Silent Image,0,0,,,0,1st-level
Silhouette,0,0,,,0,Cantrip
Silvershout,0,0,,,0,2nd-level
Simulacrum,0,0,,,0,7th-level
Simulacrum,0,0,,,0,7th-level
Sir Mittinz’s Move Curse,0,0,,,0,3rd-level
Skull Road,0,0,,,0,5th-level
Sleep,0,0,,,0,1st-level
Sleep,0,0,,,0,1st-level
Sleep of the Deep,0,0,,,0,3rd-level
Sleet Storm,0,0,,,0,3rd-level
Sleet Storm,0,0,,,0,2nd-level
Slippery Fingers,0,0,,,0,1st-level
Slither,0,0,,,0,2nd-level
Slow,0,0,,,0,3rd-level
Slow,0,0,,,0,3rd-level
Smelting Blast,0,0,,,0,2nd-level
Sneer,0,0,,,0,1st-level
Snow Boulder,0,0,,,0,4th-level
Snow Fort,0,0,,,0,2nd-level
Snowblind Stare,0,0,,,0,2nd-level
Snowy Coat,0,0,,,0,1st-level
Song of the Forest,0,0,,,0,3rd-level
Soothsayer's Shield,0,0,,,0,2nd-level
Soul of the Machine,0,0,,,0,3rd-level
Soulwrought Fists,0,0,,,0,2nd-level
Spare the Dying,0,0,,,0,Cantrip
Spare the Dying,0,0,,,0,Cantrip
Speak with Animals,0,0,,,0,1st-level
Speak with Animals,0,0,,,0,1st-level
Speak with Dead,0,0,,,0,3rd-level
Speak with Dead,0,0,,,0,3rd-level
Speak with Inanimate Object,0,0,,,0,1st-level
Speak with Plants,0,0,,,0,3rd-level
Speak with Plants,0,0,,,0,3rd-level
Sphere of Order,0,0,,,0,6th-level
Spider Climb,0,0,,,0,2nd-level
Spider Climb,0,0,,,0,2nd-level
Spike Growth,0,0,,,0,2nd-level
Spike Growth,0,0,,,0,2nd-level
Spiked Barricade,0,0,,,0,3rd-level
Spin,0,0,,,0,2nd-level
Spinning Axes,0,0,,,0,4th-level
Spire of Stone,0,0,,,0,2nd-level
Spirit Guardians,0,0,,,0,3rd-level
Spirit Guardians,0,0,,,0,3rd-level
Spiritual Weapon,0,0,,,0,2nd-level
Spiritual Weapon,0,0,,,0,2nd-level
Spite,0,0,,,0,2nd-level
Spiteful Weapon,0,0,,,0,3rd-level
Sporesight,0,0,,,0,7th-level
Spur Mount,0,0,,,0,1st-level
Staff of Violet Fire,0,0,,,0,4th-level
Stanch,0,0,,,0,1st-level
Star's Heart,0,0,,,0,9th-level
Starburst,0,0,,,0,Cantrip
Starfall,0,0,,,0,5th-level
Starry Vision,0,0,,,0,7th-level
Steal Warmth,0,0,,,0,3rd-level
Steam Blast,0,0,,,0,4th-level
Steam Gout,0,0,,,0,3rd-level
Steam Whistle,0,0,,,0,8th-level
Stench of Rot,0,0,,,0,2nd-level
Stigmata of the Red Goddess,0,0,,,0,2nd-level
Stinking Cloud,0,0,,,0,3rd-level
Stinking Cloud,0,0,,,0,3rd-level
Stone Aegis,0,0,,,0,1st-level
Stone Fetch,0,0,,,0,4th-level
Stone Shape,0,0,,,0,4th-level
Stone Shape,0,0,,,0,4th-level
Stoneskin,0,0,,,0,4th-level
Stoneskin,0,0,,,0,4th-level
Storm Kick,0,0,,,0,5th-level
Storm of Axes,0,0,,,0,4th-level
Storm of Vengeance,0,0,,,0,9th-level
Storm of Vengeance,0,0,,,0,9th-level
Storm of Wings,0,0,,,0,4th-level
Strength of the Underworld,0,0,,,0,3rd-level
Subliminal Aversion,0,0,,,0,1st-level
Sudden Dawn,0,0,,,0,3rd-level
Sudden Slue,0,0,,,0,4th-level
Sudden Stampede,0,0,,,0,4th-level
Suggestion,0,0,,,0,2nd-level
Suggestion,0,0,,,0,2nd-level
Summon Clockwork Beast,0,0,,,0,5th-level
Summon Eldritch Servitor,0,0,,,0,5th-level
Summon Old One's Avatar,0,0,,,0,9th-level
Summon Star,0,0,,,0,8th-level
Sunbeam,0,0,,,0,6th-level
Sunbeam,0,0,,,0,6th-level
Sunburst,0,0,,,0,8th-level
Sunburst,0,0,,,0,8th-level
Suppress Regeneration,0,0,,,0,1st-level
Surge Dampener,0,0,,,0,3rd-level
Surprise Blessing,0,0,,,0,5th-level
Symbol,0,0,,,0,7th-level
Symbol,0,0,,,0,7th-level
Symbol of Sorcery,0,0,,,0,7th-level
Talons of a Hungry Land,0,0,,,0,7th-level
Targeting Foreknowledge,0,0,,,0,3rd-level
Tearful Sonnet,0,0,,,0,4th-level
Telekinesis,0,0,,,0,5th-level
Telekinesis,0,0,,,0,5th-level
Telepathic Bond,0,0,,,0,5th-level
Telepathic Bond,0,0,,,0,5th-level
Teleport,0,0,,,0,7th-level
Teleport,0,0,,,0,7th-level
Teleportation Circle,0,0,,,0,5th-level
Teleportation Circle,0,0,,,0,5th-level
Thaumaturgy,0,0,,,0,Cantrip
Thaumaturgy,0,0,,,0,Cantrip
The Black God's Blessing,0,0,,,0,9th-level
Thin the Ice,0,0,,,0,1st-level
Thousand Darts,0,0,,,0,3rd-level
Threshold Slip,0,0,,,0,2nd-level
Throes of Ecstasy,0,0,,,0,3rd-level
Thunder Bolt,0,0,,,0,Cantrip
Thunderclap,0,0,,,0,3rd-level
Thunderous Charge,0,0,,,0,1st-level
Thunderous Stampede,0,0,,,0,2nd-level
Thunderous Wave,0,0,,,0,3rd-level
Thunderstorm,0,0,,,0,5th-level
Thunderwave,0,0,,,0,1st-level
Thunderwave,0,0,,,0,1st-level
Tick Stop,0,0,,,0,Cantrip
Tidal Barrier,0,0,,,0,1st-level
Time Jump,0,0,,,0,8th-level
Time Loop,0,0,,,0,6th-level
Time Slippage,0,0,,,0,8th-level
Time Step,0,0,,,0,2nd-level
Time Stop,0,0,,,0,9th-level
Time Stop,0,0,,,0,9th-level
Time Vortex,0,0,,,0,4th-level
Time in a Bottle,0,0,,,0,9th-level
Timeless Engine,0,0,,,0,7th-level
Timely Distraction,0,0,,,0,2nd-level
Tiny Hut,0,0,,,0,3rd-level
Tiny Hut,0,0,,,0,3rd-level
Tireless,0,0,,,0,1st-level
Toadstool Ring,0,0,,,0,6th-level
Tongue Tied,0,0,,,0,5th-level
Tongue of Sand,0,0,,,0,3rd-level
Tongues,0,0,,,0,3rd-level
Tongues,0,0,,,0,3rd-level
Toothless Beast,0,0,,,0,2nd-level
Torrent of Fire,0,0,,,0,4th-level
Touch of the Unliving,0,0,,,0,3rd-level
Toxic Pollen,0,0,,,0,2nd-level
Tracer,0,0,,,0,3rd-level
Transport via Plants,0,0,,,0,6th-level
Transport via Plants,0,0,,,0,6th-level
Traveler's Ward,0,0,,,0,1st-level
Treasure Chasm,0,0,,,0,2nd-level
Tree Heal,0,0,,,0,Cantrip
Tree Running,0,0,,,0,2nd-level
Tree Speak,0,0,,,0,1st-level
Tree Stride,0,0,,,0,5th-level
Tree Stride,0,0,,,0,5th-level
Trench,0,0,,,0,2nd-level
Trick Question,0,0,,,0,1st-level
Triumph of Ice,0,0,,,0,7th-level
Trollish Charge,0,0,,,0,4th-level
True Polymorph,0,0,,,0,9th-level
True Polymorph,0,0,,,0,9th-level
True Resurrection,0,0,,,0,9th-level
True Resurrection,0,0,,,0,9th-level
True Seeing,0,0,,,0,6th-level
True Seeing,0,0,,,0,6th-level
True Strike,0,0,,,0,Cantrip
True Strike,0,0,,,0,Cantrip
Twist the Skein,0,0,,,0,1st-level
Umbral Storm,0,0,,,0,9th-level
Uncontrollable Transformation,0,0,,,0,7th-level
Undermine Armor,0,0,,,0,1st-level
Unholy Defiance,0,0,,,0,2nd-level
Unholy Star,0,0,,,0,7th-level
Unleash Effigy,0,0,,,0,9th-level
Unluck On That,0,0,,,0,1st-level
Unseen Servant,0,0,,,0,1st-level
Unseen Servant,0,0,,,0,1st-level
Unseen Strangler,0,0,,,0,3rd-level
Vagrant's Nondescript Cloak,0,0,,,0,2nd-level
Vampiric Touch,0,0,,,0,3rd-level
Vampiric Touch,0,0,,,0,3rd-level
Vengeful Panopy of the Ley Line Ignited,0,0,,,0,6th-level
Venomous Succor,0,0,,,0,3rd-level
Vicious Mockery,0,0,,,0,Cantrip
Vicious Mockery,0,0,,,0,Cantrip
Vine Carpet,0,0,,,0,3rd-level
Vine Trestle,0,0,,,0,2nd-level
Visage of Madness,0,0,,,0,4th-level
Vital Mark,0,0,,,0,3rd-level
Void Rift,0,0,,,0,9th-level
Void Strike,0,0,,,0,3rd-level
Volley Shield,0,0,,,0,7th-level
Vomit Tentacles,0,0,,,0,2nd-level
Voorish Sign,0,0,,,0,1st-level
Waft,0,0,,,0,1st-level
Walk the Twisted Path,0,0,,,0,6th-level
Walking Wall,0,0,,,0,7th-level
Wall of Fire,0,0,,,0,4th-level
Wall of Fire,0,0,,,0,4th-level
Wall of Flesh,0,0,,,0,6th-level
Wall of Force,0,0,,,0,5th-level
Wall of Force,0,0,,,0,5th-level
Wall of Ice,0,0,,,0,6th-level
Wall of Ice,0,0,,,0,6th-level
Wall of Stone,0,0,,,0,5th-level
Wall of Stone,0,0,,,0,5th-level
Wall of Thorns,0,0,,,0,6th-level
Wall of Thorns,0,0,,,0,6th-level
Wall of Time,0,0,,,0,5th-level
War Horn,0,0,,,0,4th-level
Warding Bond,0,0,,,0,2nd-level
Warding Bond,0,0,,,0,2nd-level
Warning Shout,0,0,,,0,2nd-level
Warp Mind and Matter,0,0,,,0,6th-level
Warrior's Instincts,0,0,,,0,5th-level
Water Breathing,0,0,,,0,3rd-level
Water Breathing,0,0,,,0,3rd-level
Water Walk,0,0,,,0,3rd-level
Water Walk,0,0,,,0,3rd-level
Weapon of Blood,0,0,,,0,1st-level
Web,0,0,,,0,2nd-level
Web,0,0,,,0,2nd-level
Weiler’s Ward,0,0,,,0,2nd-level
Weird,0,0,,,0,9th-level
Weird,0,0,,,0,9th-level
Whirlwind Kick,0,0,,,0,3rd-level
Who Goes There?,0,0,,,0,5th-level
Wield Soul,0,0,,,0,4th-level
Wild Hunt,0,0,,,0,7th-level
Wild Shield,0,0,,,0,4th-level
Wind Lash,0,0,,,0,Cantrip
Wind Tunnel,0,0,,,0,1st-level
Wind Up,0,0,,,0,1st-level
Wind Walk,0,0,,,0,6th-level
Wind Walk,0,0,,,0,6th-level
Wind Wall,0,0,,,0,3rd-level
Wind Wall,0,0,,,0,3rd-level
Wind of the Hereafter,0,0,,,0,8th-level
Winding Key,0,0,,,0,2nd-level
Winged Spies,0,0,,,0,4th-level
Winter's Radiance,0,0,,,0,6th-level
Winterdark,0,0,,,0,6th-level
Wintry Glide,0,0,,,0,4th-level
Wish,0,0,,,0,9th-level
Wish,0,0,,,0,9th-level
Withered Sight,0,0,,,0,1st-level
Wolfsong,0,0,,,0,1st-level
Word of Misfortune,0,0,,,0,Cantrip
Word of Recall,0,0,,,0,6th-level
Word of Recall,0,0,,,0,6th-level
Wormway,0,0,,,0,6th-level
Wotan's Rede,0,0,,,0,2nd-level
Wresting Wind,0,0,,,0,2nd-level
Write Memory,0,0,,,0,4th-level
Writhing Arms,0,0,,,0,1st-level
Writhing Transformation,0,0,,,0,9th-level
Yellow Sign,0,0,,,0,4th-level
Zone of Truth,0,0,,,0,2nd-level
Zone of Truth,0,0,,,0,2nd-level
Zymurgic Aura,0,0,,,0,7th-level
